%time,field.type,field.p_gain,field.i_gain,field.d_gain
1494449908777161735,0,100.000007629,0.10000000149,2.0
