%time,field.type,field.p_gain,field.i_gain,field.d_gain
1494450135452141441,0,100.000007629,0.10000000149,2.0
